idade,renda_mensal,gasto_mensal,saude,alimentacao,transporte,educacao,lazer,divida,gastos_ultimo_mes,gastos_ultimo_ano
56,4543,3245,750.39,763.12,1265.33,68.44,397.72,12705,3126.08,36467.22
69,14700,12861,2543.23,1670.07,1713.49,2106.0,4828.21,0,11171.21,150886.29
46,5270,5692,3071.93,2073.5,266.0,272.68,7.89,24027,5417.6,73101.31
32,14191,12052,7425.0,11.39,235.35,817.08,3563.17,13679,12073.45,145138.52
60,10862,4867,2330.83,1111.52,835.39,524.66,64.59,0,4373.37,66847.95
25,1780,1057,403.05,180.37,129.36,180.71,163.52,17024,1107.13,14541.12
38,8204,6398,681.9,2650.48,1571.48,699.62,794.53,0,7353.38,61725.16
56,11686,7267,40.79,853.46,34.78,683.26,5654.71,0,7161.79,96902.7
36,9330,5700,1414.87,1117.53,654.19,223.92,2289.49,0,5451.59,67325.67
40,4347,2839,158.28,90.62,405.26,1173.68,1011.16,0,2754.43,40729.53
28,5449,3932,63.64,684.65,833.28,1166.23,1184.2,0,3478.03,46867.53
28,2879,2987,279.36,506.51,403.95,1331.87,465.3,0,3330.45,42824.92
41,4706,5026,671.71,598.58,981.17,1881.8,892.74,0,4897.57,66453.43
53,14484,12730,2375.94,2935.39,1609.96,1220.21,4588.49,0,12299.5,137398.75
57,8453,5677,510.87,585.89,4386.09,0.22,193.93,28104,5948.97,69170.25
41,3944,3671,536.04,2984.19,80.33,10.55,59.89,0,3607.16,52723.82
20,12748,10339,486.36,201.03,3428.23,4560.3,1663.08,0,10798.78,141811.24
39,13437,11867,1962.8,371.64,1584.34,2856.36,5091.86,0,10305.7,119469.37
19,10635,8456,6.82,1280.57,716.52,3895.9,2556.2,0,9251.85,109848.39
41,6388,5433,1275.69,465.73,3459.1,66.19,166.29,0,6150.98,61168.96
61,12510,9147,802.85,214.68,5061.4,2583.86,484.21,3343,9555.23,88117.76
47,14496,9442,811.05,3685.87,1968.9,838.64,2137.54,0,10729.6,108929.6
55,3341,1672,913.38,274.42,13.56,103.6,367.04,0,1497.16,17935.25
19,14445,7054,685.07,4641.35,335.13,125.68,1266.77,29247,7006.21,95444.66
38,12451,10791,53.51,4508.02,2502.01,2306.72,1420.74,16472,11120.58,121066.25
50,13940,5878,489.09,1465.42,1824.87,1493.82,604.79,0,6022.13,79776.88
29,14715,6524,476.77,444.87,3693.13,1499.39,409.84,0,6331.14,62649.12
39,12351,4995,737.18,1041.38,26.82,1702.9,1486.71,0,4752.37,55332.27
61,11657,9483,2735.85,2220.28,1426.33,2897.44,203.1,0,8421.35,102014.25
42,7817,3651,1097.85,20.71,229.16,1540.23,763.06,0,3532.43,39142.82
66,3679,1944,344.15,303.3,5.31,1239.15,52.09,0,1747.26,19298.66
44,7684,7196,490.27,2110.02,74.73,1449.61,3071.38,6624,7701.95,75545.02
59,14038,13765,142.08,4799.62,1624.28,5303.49,1895.52,0,12562.62,168850.27
45,11027,6535,1195.93,864.98,2202.99,1459.22,811.88,0,5669.57,71875.41
33,14800,6284,4160.82,577.9,351.55,359.02,834.72,0,6382.72,72916.36
32,8621,8069,493.89,4818.31,202.59,2174.33,379.88,0,8299.52,92058.91
64,11149,11301,2966.2,4520.61,870.63,2936.39,7.17,0,12561.9,156002.89
68,5652,3595,1189.62,180.11,1660.84,0.78,563.65,0,3678.02,50133.84
61,11462,9562,5606.72,1187.58,851.39,348.52,1567.79,4482,9118.75,114420.74
69,7081,4478,1172.9,175.97,675.64,13.03,2440.46,0,4885.07,50085.3
20,7865,4064,193.42,468.72,26.17,796.38,2579.31,0,4113.11,41097.78
54,4049,4416,572.1,227.35,1610.24,1786.97,219.34,0,3858.63,62602.69
68,12643,11563,2332.1,4658.34,288.03,2332.99,1951.54,0,11791.43,114347.54
24,8590,9306,816.58,75.93,98.8,2434.99,5879.71,0,10445.11,102633.28
38,8105,4773,1297.37,679.68,1200.38,1038.63,556.94,0,4624.53,52649.62
26,13122,13420,214.08,5434.76,1466.36,5386.94,917.86,0,12600.01,149470.97
56,3689,3381,0.92,153.93,562.15,2568.14,95.87,3592,3019.37,35123.78
35,11023,7495,2183.68,849.06,1982.57,401.85,2077.84,0,6711.28,100127.02
21,12208,13035,2678.29,472.46,254.45,3660.21,5969.59,0,12772.1,132800.45
42,10407,9912,34.89,1441.64,2635.97,2136.52,3662.98,0,10196.51,125362.54
31,10740,8876,3120.08,1276.29,817.22,845.32,2817.09,24362,7759.26,90486.04
67,5811,4399,1056.85,172.51,1563.07,968.3,638.27,0,4979.1,43719.77
26,12479,6053,2012.55,2472.66,547.36,718.78,301.65,0,6516.3,84531.73
43,4039,3591,190.87,691.68,864.67,20.62,1823.16,0,3684.32,37750.81
19,9727,5186,257.03,1791.79,2528.34,151.35,457.49,0,5696.98,70228.82
37,7078,2956,1.24,914.02,936.67,285.0,819.08,0,2583.71,36105.26
45,13984,10225,942.87,646.82,3888.84,1454.99,3291.48,0,10153.95,101981.2
64,10287,10402,887.83,6500.24,253.33,976.81,1783.79,0,10807.97,147564.35
24,7503,6597,418.01,3053.08,1062.6,888.44,1174.87,0,7247.44,71151.37
61,12938,11343,4186.98,3272.53,1768.58,1898.38,216.52,4819,12307.62,155697.39
25,2051,2237,129.91,1013.36,22.2,788.66,282.86,0,2087.39,23287.81
64,2887,1220,92.63,326.13,618.19,16.4,166.66,0,1381.36,16712.69
52,11323,4761,2124.42,85.42,1726.23,439.3,385.63,0,4224.45,46007.92
31,8033,5369,2924.33,172.88,911.0,1328.36,32.43,20823,5973.23,64731.6
34,13138,11626,1734.61,4731.39,207.31,3540.85,1411.84,0,13268.55,154548.19
53,3627,1560,188.27,186.41,69.72,537.41,578.19,2310,1408.91,21975.75
67,10960,5877,1108.91,1728.14,1070.24,748.3,1221.4,0,6268.52,82067.43
57,5200,4161,849.46,960.03,1615.9,691.71,43.9,0,3587.14,56315.8
21,6252,6507,291.6,939.86,2100.6,1464.53,1710.4,28574,6322.38,90208.61
19,3938,4217,686.76,1006.6,419.94,668.53,1435.18,0,4237.6,44515.73
23,12890,7628,5469.76,1513.74,118.86,469.51,56.13,0,7812.55,83634.04
59,6932,5432,1911.54,728.99,1411.16,1226.83,153.48,6864,6142.4,59681.65
21,6587,5373,823.02,397.23,863.98,362.87,2925.91,0,5650.65,61305.17
46,9202,9081,254.44,4305.32,714.8,2489.13,1317.31,0,9030.0,104321.98
35,6736,4455,1185.08,1301.4,626.6,698.68,643.23,0,4868.88,54412.77
43,14679,16038,4359.63,146.66,2474.47,4580.89,4476.34,0,18205.69,166272.73
61,5113,4407,839.92,567.6,2584.1,178.07,237.32,0,3775.12,56929.56
51,2266,1782,184.23,238.53,687.77,102.3,569.17,0,2039.96,18540.5
27,8923,9654,1383.3,2451.22,2664.7,1241.84,1912.94,0,8455.36,107057.85
53,5580,6044,1788.09,240.43,1929.0,343.9,1742.59,0,6614.05,72625.05
31,11836,6194,1389.13,1338.69,1679.41,154.73,1632.05,0,5785.82,83141.53
48,5307,4831,484.36,659.19,2526.57,11.74,1149.14,23266,4297.92,63525.0
65,6926,5094,1132.24,626.55,335.47,331.65,2668.1,0,5002.09,64686.49
32,4573,3562,730.42,503.03,745.67,1385.65,197.23,8839,3715.83,36858.55
25,13361,6949,799.51,1187.52,3975.76,389.91,596.3,0,6700.82,84957.21
31,11938,10397,1199.88,2339.96,1109.8,1918.09,3829.27,0,9007.64,104175.27
40,10145,10825,2448.42,1184.56,4000.31,1636.36,1555.34,0,11148.0,123527.79
57,3282,2942,21.31,2646.71,80.4,161.05,32.52,0,3297.16,34082.72
38,12166,8601,5241.77,1305.78,1018.25,475.74,559.47,0,8299.66,84213.21
33,12288,13349,2688.69,3566.07,1549.74,2000.35,3544.16,0,12213.0,145706.24
62,13577,8020,27.12,603.73,5593.0,1342.38,453.76,0,7881.84,113780.68
35,10167,5129,1724.5,980.92,1776.48,314.19,332.91,26954,4434.07,72716.07
64,7948,7503,248.88,4513.99,2120.35,284.6,335.18,0,8224.39,84717.65
41,11017,7001,1717.24,222.17,349.76,4326.11,385.71,0,7686.41,68657.97
43,12461,10326,1964.48,6972.02,850.02,32.04,507.44,0,10598.61,108006.4
42,1617,651,166.53,187.37,137.12,11.25,148.73,0,622.31,7475.2
62,9506,4269,1176.11,430.17,1325.51,821.87,515.34,0,4652.93,60403.54
58,10008,9854,3057.25,1522.16,616.21,3298.52,1359.85,0,10015.67,101277.0
46,5174,2143,487.16,1212.63,337.82,22.95,82.43,28112,2352.54,28426.63
32,4467,1789,35.69,324.73,447.58,802.9,178.09,0,1859.55,18107.68
62,2025,1455,461.47,418.92,76.01,404.76,93.85,0,1579.14,20821.1
18,8868,3664,345.66,1027.7,390.66,976.31,923.67,0,3772.34,41885.97
42,6945,5706,1244.8,718.97,1194.27,1363.02,1184.94,0,5559.03,76010.34
24,10908,10088,2195.76,55.2,3304.27,689.12,3843.65,0,11473.93,113433.88
26,12538,7566,1380.9,672.85,757.82,2933.37,1821.06,0,7659.32,95428.53
41,1612,1590,756.63,517.76,35.52,49.7,230.38,0,1640.13,16729.47
18,8743,9057,710.1,1628.05,1260.72,2004.19,3453.94,0,8297.54,93295.26
61,8787,7803,1496.17,876.69,2057.02,670.88,2702.24,0,8097.14,110043.43
25,1928,1617,24.26,1014.96,348.86,156.88,72.05,0,1651.74,22645.61
41,12740,11412,2705.49,897.32,754.47,3984.02,3070.7,0,10333.01,158168.62
28,8364,9109,1841.29,4406.08,1261.64,1444.08,155.91,0,7905.48,114792.35
68,12200,11349,1792.29,723.78,5329.68,2455.64,1047.62,0,11704.31,152980.97
34,10067,9555,295.24,4404.91,3611.0,458.15,785.7,11180,10310.87,94894.31
25,12857,14057,4502.48,584.86,7132.06,1577.61,259.99,10568,14155.69,157536.62
52,7188,3099,1730.89,478.52,765.03,121.9,2.65,22192,2844.98,34416.8
52,3704,2012,388.72,276.97,344.42,603.95,397.94,0,2112.51,25454.01
50,4167,1778,64.62,150.53,794.97,494.29,273.6,0,1554.03,20106.69
22,3986,3781,223.73,272.52,997.73,1443.59,843.42,0,3715.02,38992.82
59,2322,1486,617.08,541.53,60.35,205.25,61.79,787,1335.93,18520.08
56,5279,4159,285.55,2166.25,681.8,816.11,209.28,0,3765.3,56184.11
58,2771,1197,205.57,143.7,126.79,557.91,163.03,21166,1090.09,13686.73
45,6273,4082,1670.61,100.65,255.49,536.34,1518.91,18791,3943.26,41778.82
24,6304,4349,1358.41,705.04,711.71,1554.61,19.23,0,3763.39,45856.31
26,3343,3254,233.24,954.77,516.83,229.98,1319.18,0,3154.23,34947.7
25,11079,8665,3024.15,628.34,2116.2,1849.28,1047.03,0,8695.43,95657.34
29,8006,5228,568.4,523.28,1193.6,726.17,2216.54,2863,5201.8,66319.36
51,8557,7166,2322.63,152.05,2143.65,663.33,1884.35,0,6914.01,89464.2
50,13524,14502,7257.81,1671.06,3886.54,1344.29,342.3,6483,15977.49,187673.04
65,13243,5306,344.6,326.71,3912.25,428.39,294.05,0,4741.43,60170.09
40,4640,2116,276.95,29.64,1039.86,321.31,448.23,0,2119.62,28682.78
41,4966,3928,245.61,692.19,721.93,2266.65,1.63,24353,3411.91,41556.75
54,6844,4410,282.47,3137.9,508.38,380.51,100.74,0,3842.64,52264.65
52,11718,6906,3737.52,20.68,1366.08,1496.24,285.49,0,7059.04,92847.76
61,4114,3705,815.42,71.43,217.6,1135.69,1464.86,0,3778.38,38771.94
57,6168,6180,2885.29,2175.1,533.92,200.58,385.12,0,6880.87,62586.98
39,7117,4465,621.25,1006.9,1154.9,1023.96,658.0,0,4542.52,61803.11
44,14784,14425,1334.33,3265.88,614.18,5342.67,3867.94,0,16414.75,162224.45
52,13344,6679,301.71,2638.37,1461.37,1429.47,848.08,1386,5774.72,86042.73
18,9987,9726,1654.58,1204.16,1846.08,2352.31,2668.88,25416,8553.07,94552.99
52,1928,1099,201.99,339.54,40.46,63.29,453.71,0,948.68,14190.54
54,2565,1810,176.78,10.51,75.81,114.91,1431.98,0,1639.11,20122.29
64,5692,5100,798.56,2532.53,803.24,612.42,353.25,0,5163.14,50324.54
31,1898,1669,282.02,45.34,691.28,534.8,115.56,0,1741.89,20907.73
20,8386,5392,2466.31,1408.81,886.53,104.88,525.47,25381,4656.94,57995.59
18,1595,955,251.1,94.21,29.67,533.69,46.33,0,1082.77,10941.12
22,8600,7467,844.28,2579.21,1954.42,304.52,1784.56,0,8233.48,74571.35
43,9282,3947,0.7,37.4,1933.88,951.15,1023.87,0,3706.17,40679.3
31,5371,4117,1021.94,261.81,292.58,814.99,1725.68,0,3594.78,45411.71
56,5560,2557,1151.02,420.38,670.3,222.91,92.39,0,2303.77,25648.87
44,3702,3388,1240.35,250.61,159.04,955.92,782.07,0,3008.83,47337.02
26,11211,4859,2476.19,641.77,653.81,615.99,471.24,0,4309.86,46787.44
32,1917,1926,324.53,573.38,392.15,478.03,157.91,0,1936.72,22962.79
32,3982,4227,1449.28,597.06,1017.81,897.08,265.77,0,3904.71,43079.84
43,6146,4028,412.46,2796.79,240.8,121.03,456.92,0,3856.58,44617.59
59,12969,7747,2546.6,1422.45,1862.34,342.88,1572.73,0,8884.66,108807.28
30,6686,6065,683.24,3142.55,1734.84,387.6,116.78,0,6400.36,62931.25
68,9535,6779,115.94,1235.49,822.4,2764.15,1841.01,0,7692.09,96505.81
49,6180,6115,655.32,342.46,288.27,4237.73,591.22,0,5459.27,64744.48
56,12532,10963,1885.53,2975.37,1702.13,3509.29,890.69,0,10575.37,144267.79
66,8466,8854,3786.35,172.92,130.4,1300.96,3463.36,0,8999.38,108231.75
69,5691,6187,2040.56,98.02,403.98,3284.66,359.77,11270,5401.42,85662.1
49,8392,7206,2175.2,2496.25,979.32,699.07,856.16,7053,6134.15,88339.56
21,12330,11345,549.92,4703.39,1279.51,4573.55,238.63,0,11925.07,138021.96
47,6788,4029,2759.8,363.55,30.42,24.06,851.17,12059,4200.42,42458.4
54,8851,8360,2530.9,3810.89,261.9,85.19,1671.12,0,8136.26,86926.45
40,4836,5170,206.57,261.09,2012.8,1487.81,1201.73,0,5153.94,72375.59
56,12614,7943,2397.84,686.06,831.63,1248.67,2778.8,0,7741.51,88752.09
62,2367,2348,44.88,348.13,54.37,455.78,1444.85,0,2012.71,26734.32
32,12008,4880,1123.76,190.47,2747.23,810.81,7.72,0,4638.98,64646.11
60,2262,2337,152.02,155.7,36.99,1656.94,335.34,0,2110.6,26235.99
46,3356,1473,938.82,161.45,55.54,266.96,50.22,0,1295.54,20872.26
53,9060,4224,555.67,2111.81,614.12,800.17,142.23,0,4802.76,55512.03
30,6361,3609,98.04,257.47,2000.75,218.86,1033.87,0,3716.58,44995.79
49,6505,4738,855.21,526.9,191.39,342.55,2821.94,15716,5063.01,65518.47
24,12374,11892,1713.84,1042.14,19.46,7423.82,1692.74,0,11233.29,116994.78
68,7741,6858,569.43,3158.56,446.68,1173.22,1510.11,0,6638.16,74298.89
39,12686,12878,496.56,7622.46,2741.13,1621.96,395.89,0,11861.63,152374.74
45,5929,4561,86.19,600.56,2178.25,488.54,1207.45,0,4009.53,48754.8
19,10548,5211,1125.96,98.8,1000.0,83.35,2902.89,0,4709.23,68632.75
59,8530,6124,1280.33,311.99,800.7,1019.06,2711.92,0,6670.59,85810.7
62,6534,4805,2437.39,1696.08,200.63,294.51,176.4,0,5060.93,55901.83
23,10124,5297,1009.17,2458.1,666.85,205.59,957.29,0,5371.57,59550.13
45,5530,5266,1543.57,1251.2,1970.99,300.95,199.29,0,5226.65,74858.53
45,9210,8282,2655.88,1343.35,466.82,1699.96,2115.99,0,9331.58,97191.69
61,8001,7233,1681.49,2051.32,828.75,1363.05,1308.39,0,6305.88,86415.78
61,6046,4415,1205.61,1172.45,1143.97,7.1,885.87,0,4124.41,49836.16
37,7931,8088,1783.16,1422.87,1770.69,2314.18,797.09,0,7723.89,112955.65
47,8441,7063,1274.45,243.47,889.67,1884.55,2770.86,0,7661.43,87093.76
28,2153,964,140.58,85.13,624.44,1.08,112.78,797,1106.44,12781.13
45,3739,3465,72.12,446.36,489.09,1199.1,1258.32,13595,3195.43,46765.97
42,8256,3499,1634.92,562.63,1013.33,86.71,201.42,22740,3891.91,39331.82
56,12716,10851,3492.64,156.09,1918.32,2631.97,2651.98,0,11927.28,126758.48
50,12693,6279,52.51,879.96,2290.51,365.19,2690.82,0,5760.34,85850.66
18,2742,1649,278.94,817.55,47.95,355.0,149.55,0,1599.2,18705.64
44,6493,4632,813.76,227.2,2314.74,468.19,808.1,0,4506.48,62119.24
69,2391,1433,19.22,481.08,433.05,393.72,105.92,0,1638.59,20229.32
30,7513,4259,250.04,1331.88,899.63,257.64,1519.81,0,3851.28,53626.81
58,14904,6883,3046.15,886.66,868.47,1935.49,146.24,29592,7500.73,90578.98
20,12385,5373,640.35,2991.41,138.78,925.43,677.03,0,5105.74,72344.58
56,8138,5459,763.13,1033.79,2293.43,1318.72,49.93,1760,5837.1,74549.14
23,3881,4149,2027.78,270.58,500.81,655.72,694.11,0,4049.44,47697.97
25,10609,5363,545.68,2646.25,1169.45,952.78,48.84,0,5489.07,52804.44
44,2740,2116,783.69,803.33,506.88,2.36,19.73,0,2327.14,24395.38
26,7372,3898,242.45,133.79,483.49,2431.37,606.9,0,4253.69,50027.05
54,12628,7387,132.73,3268.92,448.74,363.58,3173.03,0,8199.03,86883.54
50,6741,4939,242.17,1161.96,2765.68,348.46,420.73,0,4286.48,65170.22
68,11778,7356,3179.04,532.69,290.19,3272.83,81.25,0,7779.82,83222.22
59,13111,9856,2339.35,1997.51,1027.22,916.13,3575.79,0,8791.51,124646.58
61,10780,10066,348.5,1041.83,5083.32,3064.32,528.03,16019,9811.79,105640.81
41,11248,6364,1964.49,459.34,1616.54,1423.9,899.73,22477,6456.77,83985.54
32,2565,1890,206.87,1179.61,47.49,391.67,64.35,12364,1834.85,23094.55
49,9891,9193,516.81,462.1,3677.66,4283.42,253.01,0,9247.09,97257.43
49,11072,7281,52.66,3008.51,1279.2,219.88,2720.75,0,8365.56,80099.55
41,9902,9988,1252.09,6260.06,410.12,822.57,1243.17,0,8894.97,131774.9
58,8694,8387,2415.54,1225.54,1461.35,394.75,2889.81,0,8828.46,99943.57
69,5512,4479,1166.59,316.68,2274.34,507.43,213.96,0,4339.26,47642.9
66,2524,1224,412.95,128.55,288.47,71.59,322.44,0,1089.24,17433.31
66,10547,11309,202.01,748.77,6499.64,2688.38,1170.21,0,10151.2,147385.67
69,11219,10645,726.6,3599.57,1377.54,2486.14,2455.14,0,12079.75,151097.76
29,4341,3830,40.75,303.69,2425.03,396.66,663.87,0,4266.16,44619.9
56,8619,5818,2521.61,706.75,1195.32,702.45,691.88,0,6528.45,69120.64
19,4686,4765,159.8,680.49,536.35,800.74,2587.62,0,5467.65,66282.03
20,3010,1333,275.27,355.65,299.75,58.04,344.29,0,1216.36,16156.28
66,7788,3209,293.38,278.57,133.1,594.52,1909.42,0,3069.83,41700.76
54,4123,4323,331.65,383.82,1054.79,223.4,2329.34,0,4542.46,46733.49
66,6501,4555,1021.07,825.19,1134.63,252.45,1321.66,0,4532.87,53495.23
34,11606,12101,1205.18,6076.96,494.07,1889.6,2435.19,0,11804.73,123340.16
66,5386,2947,25.67,341.81,997.38,1298.12,284.03,0,2821.29,31204.91
19,10105,5876,1114.03,2387.66,1351.52,87.01,935.78,0,6041.32,56436.21
19,7177,4986,277.13,3207.61,477.95,93.97,929.34,0,5099.07,48805.32
45,12994,10976,377.8,5651.51,3778.18,1033.84,134.68,0,9861.25,156857.6
40,13526,11576,4128.91,347.23,105.98,6156.76,837.12,12171,11477.86,124595.93
54,12914,5979,386.46,2943.49,333.15,285.24,2030.65,0,6074.91,76434.89
49,5468,2532,31.82,386.35,1200.32,627.66,285.85,0,2585.39,34505.28
50,5948,4728,339.79,264.52,1541.98,1909.85,671.86,0,4316.82,57885.71
18,6049,2781,337.9,144.54,110.01,1531.32,657.23,0,2983.13,28741.9
36,10635,6697,2903.02,1657.11,261.38,1171.4,704.09,0,5743.08,87696.94
19,4909,4228,607.63,945.48,1158.07,1310.03,206.78,0,4043.87,52770.54
61,10473,6377,107.77,4583.39,383.33,1289.48,13.04,0,6913.07,83602.49
43,7819,6132,966.19,154.37,898.98,4048.78,63.68,0,6249.54,81523.61
49,9847,7219,181.02,939.05,4542.56,547.84,1008.53,0,6701.75,103101.54
23,14316,6710,82.11,1666.51,607.16,1647.58,2706.64,0,7102.44,82889.33
49,10286,11250,560.71,3485.63,128.9,4848.48,2226.28,2672,11477.44,126448.62
21,10776,5949,3818.76,0.35,341.16,909.72,879.02,0,6477.71,75627.44
28,11350,5367,455.55,851.54,244.39,943.11,2872.41,17163,5745.41,53286.34
34,4272,4438,624.6,17.4,524.11,26.39,3245.5,0,4584.6,61721.52
55,7730,6623,114.0,1028.44,3013.31,1462.41,1004.83,20861,6599.51,67375.97
41,11388,11702,2484.61,5441.67,1319.07,1112.62,1344.03,19553,10414.25,130754.0
22,13677,9921,2753.49,3648.85,2162.85,892.1,463.71,0,9210.66,134088.05
69,1704,1688,74.92,323.44,49.98,886.32,353.33,0,1647.03,21044.46
51,2414,2312,936.23,41.5,138.06,704.87,491.33,0,2380.87,26563.61
23,2731,2248,29.51,928.36,928.44,177.52,184.18,0,2257.24,26689.36
39,12832,9008,4832.6,1053.78,811.6,1950.31,359.71,0,8435.59,123426.06
28,8776,9469,1218.76,677.48,3383.71,1851.54,2337.51,0,8067.01,106356.01
65,2023,935,82.57,70.64,190.32,379.91,211.56,0,933.95,12878.99
33,2128,1980,12.46,761.76,25.11,1171.12,9.56,0,1852.66,19845.63
50,6229,5547,1474.84,106.71,3004.67,776.74,184.03,6635,5937.41,73933.92
26,14628,14646,1409.08,608.98,632.37,10003.32,1992.25,0,12554.32,200184.88
23,1333,1331,503.34,330.35,365.24,45.71,86.37,0,1364.87,13939.2
33,3305,3250,792.19,1810.88,156.22,162.44,328.28,0,3680.44,37913.41
46,4827,2943,1689.76,128.33,214.03,909.68,1.2,14231,2655.54,30590.72
20,14172,9814,93.63,2137.75,5489.61,629.73,1463.28,0,9730.53,127500.54
37,7516,6539,1137.67,1217.13,1851.33,1205.53,1127.33,0,5737.49,79577.47
53,3052,2650,397.88,553.02,476.49,1191.21,31.41,0,2749.92,33521.31
36,6110,4236,1464.27,1518.01,274.07,507.92,471.74,0,4300.22,44660.73
43,14660,11596,1014.03,2079.04,186.73,1338.66,6977.54,0,11273.74,123107.54
20,5375,5626,326.37,1661.63,739.19,2065.36,833.45,21419,5662.08,55130.23
36,12325,8347,56.48,2110.02,86.05,1123.1,4971.35,0,9340.06,93035.03
37,12676,6715,231.65,633.86,1679.07,2744.45,1425.97,0,6103.18,82505.69
49,13690,14873,725.69,2728.22,855.39,3079.71,7483.99,28064,12742.73,204029.12
24,12203,7911,1604.53,2494.65,2.64,1587.43,2221.74,0,8769.34,101270.7
69,6548,5491,44.61,2211.53,319.62,1179.25,1735.98,0,5618.03,64189.25
58,10642,7328,1533.14,136.61,1279.84,1125.27,3253.15,8197,8186.82,103874.23
50,12904,7015,940.81,703.45,2517.15,966.71,1886.88,0,7219.02,91562.42
57,7390,6977,1453.94,3061.9,1276.76,975.32,209.07,0,7626.2,98130.06
56,2456,1548,66.91,91.18,102.57,552.54,734.81,0,1515.34,18780.99
35,4576,4248,315.57,738.22,1981.28,716.77,496.16,0,4566.42,46059.96
57,6845,5446,948.97,743.55,110.04,636.24,3007.19,0,6120.83,53662.53
18,14654,12973,4992.15,736.28,1901.11,5132.44,211.02,0,13253.7,169754.39
28,4686,3206,415.65,1619.65,438.82,68.53,663.35,0,2898.98,32644.31
45,4784,5121,2406.55,1085.27,312.03,589.76,727.4,15534,4765.8,56604.05
42,10788,4516,847.96,1395.13,101.97,2158.81,12.13,0,4107.72,54895.87
67,13029,8718,1643.02,98.85,1774.8,2652.87,2548.46,11400,8055.93,107311.6
40,9253,10157,326.65,1871.98,82.64,2588.81,5286.92,28251,9567.13,126787.79
48,4530,1928,378.64,664.17,434.38,6.14,444.67,0,1959.89,20047.39
47,3903,2497,750.83,433.74,51.09,898.88,362.45,0,2562.91,28522.58
59,9862,4518,2176.78,1025.0,968.61,131.33,216.28,0,4418.38,56757.52
52,9320,10115,4239.52,307.49,4495.16,899.84,172.99,0,10465.24,144190.65
24,8314,3861,101.57,227.53,2523.88,519.28,488.74,20673,3376.34,50550.64
33,14523,7434,887.27,375.64,1580.19,329.0,4261.9,0,6514.69,104287.85
43,2553,1095,68.16,69.2,94.65,86.51,776.47,0,987.2,14518.19
65,12175,12843,5036.67,589.97,5965.27,1050.3,200.79,0,12912.65,159770.02
69,12223,12959,4424.42,1860.65,4907.86,814.14,951.93,0,11847.1,136350.87
66,6263,5786,237.79,365.81,2352.43,568.06,2261.92,0,5409.83,74061.33
19,9749,4373,1526.32,241.11,875.56,1398.75,331.27,0,4242.22,55065.79
18,12411,13573,2046.83,907.1,208.15,1008.0,9402.92,0,14842.89,169551.91
65,8775,7110,234.61,2440.45,334.11,2193.23,1907.6,0,6073.07,84971.41
29,1867,1385,116.31,128.31,511.85,201.41,427.11,0,1447.07,16810.51
22,5668,3205,88.01,1052.03,681.97,1304.95,78.03,0,3367.37,35913.06
54,14519,14953,4633.29,4711.2,2247.75,3161.18,199.57,0,16292.74,180822.16
49,10537,9185,3147.95,1831.5,136.67,2623.84,1445.03,16386,10377.45,96885.84
26,14859,7148,34.22,3409.42,2906.4,701.97,95.99,0,6118.98,96246.66
58,8019,7966,2901.34,1398.35,743.8,1396.26,1526.25,0,7138.61,83577.12
52,13577,7420,1158.07,814.84,1303.14,3514.17,629.79,0,8279.62,74258.16
36,4919,3170,724.69,1259.69,341.04,328.29,516.29,0,3130.55,37069.92
65,3945,2287,232.63,427.02,168.21,1443.2,15.94,5151,2331.32,29181.84
33,8683,7045,11.02,3549.98,1230.93,954.83,1298.23,0,7389.56,82433.83
20,1739,1879,101.79,10.76,1224.83,85.84,455.78,0,1979.94,20534.5
37,12171,11188,2323.9,4280.5,50.14,3322.81,1210.66,0,12637.09,137379.93
41,6164,6623,1211.02,1250.93,2072.91,490.6,1597.55,0,7610.39,74612.14
50,13528,10168,614.43,1288.46,3808.58,182.99,4273.55,0,10839.57,143142.71
41,6035,5127,308.89,7.62,148.26,1372.78,3289.46,0,4799.72,71925.13
69,4975,4193,48.18,3.83,1863.07,1162.24,1115.69,0,4670.69,50363.74
28,7242,6016,2465.25,1375.63,125.98,581.89,1467.25,0,5202.43,67221.84
66,8302,4286,526.36,1860.61,39.69,584.78,1274.56,0,3940.22,56310.48
25,8512,8348,2633.69,2266.43,3151.53,16.09,280.27,2753,9343.21,81611.9
53,6520,6040,2264.64,1275.91,133.54,2056.8,309.11,0,5598.22,71748.5
55,14416,6454,1241.53,299.38,2362.99,2097.58,452.52,0,5913.12,72377.43
57,7332,7175,4296.39,1107.18,746.83,356.68,667.92,0,6396.06,100583.26
37,9091,7337,43.14,1695.37,3576.77,1542.27,479.45,1768,8127.44,70857.92
52,11900,9942,139.12,981.41,2185.69,5790.6,845.18,0,9942.17,121824.41
65,3979,3315,656.32,1040.49,312.13,888.76,417.3,14166,3488.93,43609.44
42,2124,2232,751.24,553.75,461.06,198.21,267.74,0,2057.28,26623.49
52,12348,11643,787.9,1906.17,294.0,5720.71,2934.22,0,12544.31,116545.67
42,2781,1438,126.42,42.54,526.37,427.6,315.07,0,1550.17,20517.12
46,8914,5357,633.87,1030.16,216.91,419.21,3056.86,0,5055.83,64747.11
35,4524,3568,756.54,542.44,1362.38,527.48,379.16,0,3472.39,44771.6
63,13877,14731,791.06,5363.19,164.15,5080.11,3332.5,0,13448.03,158147.99
35,6913,5027,112.65,673.69,1630.07,686.49,1924.1,0,5745.7,59925.82
19,8226,5772,2129.16,407.96,352.12,2047.01,835.75,0,6024.13,67301.04
52,1455,1472,32.89,11.52,221.78,709.88,495.93,0,1663.89,14660.38
33,6004,3352,979.53,130.25,255.06,1811.63,175.53,0,3154.28,33887.28
58,3038,1937,132.02,56.15,456.08,1165.99,126.75,0,2100.81,26381.68
53,11336,7923,511.76,798.07,5977.75,87.83,547.59,0,8554.92,85181.25
50,1209,514,58.61,242.06,77.88,14.18,121.27,0,543.55,5415.4
21,4071,4345,1440.39,2.82,1915.23,201.26,785.3,0,4951.96,52242.43
50,10189,6407,612.48,1449.12,528.59,2322.74,1494.07,16656,6202.4,85148.94
31,8609,6819,1554.93,2370.93,2090.29,54.55,748.3,0,6063.56,67489.98
38,8618,7971,2706.0,136.13,1353.55,3721.01,54.32,0,8381.61,98590.73
65,14364,15437,6373.55,3510.62,4812.43,495.98,244.41,0,16498.96,157028.41
37,6324,2814,589.63,929.8,817.14,421.0,56.44,8274,2877.37,27506.89
25,2215,2053,345.63,82.17,718.0,540.54,366.66,0,1872.43,20228.56
24,11216,7981,3340.2,35.87,1497.2,450.36,2657.37,0,7991.67,108573.43
20,13861,12730,928.84,3864.46,6291.26,127.42,1518.02,14752,12012.75,129416.59
34,12528,7076,3705.36,1564.94,801.93,640.12,363.65,0,6922.03,69463.16
50,3393,2125,1081.74,476.15,44.17,268.07,254.86,0,2217.58,24866.58
65,9615,9336,637.44,1817.33,1282.73,1329.25,4269.25,0,10022.8,127447.31
29,14750,12545,782.18,3178.91,2617.48,2599.1,3367.33,0,11537.23,136233.18
68,14340,10819,1303.65,3467.03,1846.15,1298.5,2903.68,0,10511.71,125762.44
39,8649,8691,2039.64,753.23,507.96,361.75,5028.42,25716,8089.13,85099.04
39,5358,4304,945.6,2115.68,705.99,489.71,47.02,0,3914.87,50596.0
63,14728,11688,1703.13,1334.75,7075.05,418.01,1157.07,29779,12681.67,144610.28
47,5125,2996,679.54,667.87,531.93,968.57,148.09,0,3363.84,36971.7
55,8170,8194,1562.67,1168.3,2735.72,2269.92,457.41,0,7875.0,91737.14
55,8138,6590,279.64,3458.42,648.05,2049.07,154.82,0,7086.78,73244.95
62,5984,6543,918.12,1480.38,2626.3,366.97,1151.24,0,7322.26,66161.46
68,14972,14026,1856.54,150.03,2809.41,2810.16,6399.86,0,15482.42,159344.22
25,5200,2879,1046.74,398.27,69.38,817.62,546.99,0,2605.05,29013.34
44,2833,1910,300.67,91.85,625.28,688.5,203.71,0,2171.46,25364.15
44,11544,6098,2837.12,1537.33,850.56,213.65,659.33,0,5872.39,86824.04
51,8466,5287,632.8,1533.87,504.8,1752.85,862.68,0,5032.02,75373.36
38,9902,10265,194.79,6999.56,990.39,657.5,1422.76,0,8917.51,141167.78
47,1584,719,15.36,134.83,91.87,69.54,407.39,0,716.02,8975.85
50,1604,695,119.14,39.86,98.99,405.8,31.22,0,613.48,9010.09
45,9375,5573,400.05,21.79,23.75,2938.55,2188.86,0,5152.58,61130.17
64,14005,9064,461.8,1261.83,529.5,3217.25,3593.61,19124,8566.23,114457.45
50,13963,6417,704.7,2720.11,2095.1,524.15,372.94,0,7011.52,75637.94
22,3200,1592,111.76,277.21,587.7,262.96,352.37,0,1771.33,18966.58
65,12148,10813,1803.82,3522.36,2995.54,923.76,1567.52,0,10172.22,143135.22
36,11060,10527,4045.92,116.79,4088.48,485.16,1790.65,0,11659.8,115304.42
21,7189,5365,1774.95,314.64,303.16,553.91,2418.34,0,5939.96,59694.16
52,2660,2854,0.12,648.45,46.75,1291.54,867.13,6468,3080.59,40065.25
66,8390,3683,794.88,837.22,765.01,1175.13,110.75,29877,3292.63,36350.76
34,8340,6646,111.56,199.95,1976.91,1084.39,3273.19,0,7025.47,79293.72
61,4836,5234,2958.46,295.71,516.54,325.31,1137.98,0,5932.78,73178.88
45,12116,11568,2704.1,2440.42,4261.15,32.45,2129.87,0,12201.49,144944.06
47,6009,6078,1392.41,259.48,3128.63,160.26,1137.21,0,5770.97,74289.9
46,5378,5205,381.51,845.46,1901.9,1240.85,835.28,0,5205.9,56207.61
63,14656,13832,1034.08,4791.67,406.45,1471.96,6127.84,0,14436.7,155578.5
23,8445,5521,1331.68,364.93,1025.67,1233.89,1564.84,0,5538.51,75581.56
52,7800,8327,2556.51,743.62,958.35,1139.62,2928.89,0,7377.6,102290.93
58,7197,4189,35.26,1068.31,478.93,369.84,2236.66,0,3952.82,50564.42
54,3248,1750,282.64,45.81,804.08,22.39,595.08,15023,1908.76,17636.47
41,13538,11034,3274.12,957.47,3835.56,1596.46,1370.39,0,12230.37,106775.3
46,5980,2556,27.29,201.21,1570.62,292.12,464.76,0,2277.88,36360.86
66,1916,947,208.48,245.08,17.38,123.47,352.59,0,1075.52,10804.83
63,9139,8660,609.54,619.84,27.62,1566.66,5836.35,7871,8215.28,108210.36
48,6765,3528,63.19,251.47,440.07,1559.92,1213.35,15047,3699.79,35218.73
52,5744,3240,253.64,671.29,443.68,1067.73,803.66,0,3484.77,41727.79
50,6176,3244,106.88,116.14,49.12,150.7,2821.17,0,3547.59,45663.58
69,13975,7788,1286.35,615.64,3552.93,1932.56,400.52,0,8829.45,96284.55
38,11215,7642,1331.33,1487.17,3894.75,58.04,870.7,0,7213.1,77989.31
49,11473,8831,2051.08,881.05,2785.6,1850.05,1263.23,0,9780.79,109436.08
40,4619,2761,1274.06,427.58,59.51,351.09,648.76,0,2455.93,36661.85
50,8439,9042,1928.0,295.37,5616.05,931.69,270.89,0,9598.19,104442.33
20,10966,5694,515.86,268.46,4224.71,337.9,347.06,0,6107.35,78709.42
35,1449,1278,948.37,210.86,15.64,26.6,76.53,0,1346.14,16248.08
42,10065,8203,639.52,2914.97,456.07,337.19,3855.26,7630,7593.47,114156.19
59,13925,14275,4518.0,2322.27,3238.46,1519.5,2676.78,0,15872.56,179762.58
48,11557,6542,905.09,627.38,3036.57,20.74,1952.22,0,5892.1,66925.85
20,1970,1602,45.83,551.13,330.17,639.47,35.4,0,1387.48,17760.61
57,13354,12193,2331.62,1980.34,3488.41,2176.48,2216.16,0,12988.47,128863.13
63,5563,4164,470.11,309.31,551.24,105.61,2727.72,0,4133.36,58139.3
41,11376,8144,1225.83,2979.8,251.51,2068.6,1618.25,0,8996.92,107907.35
67,2277,1655,383.16,332.44,128.99,574.47,235.94,13897,1597.11,21261.31
49,9627,5259,42.49,216.83,1582.2,1098.93,2318.54,0,4735.64,58083.75
64,9780,8714,5135.66,1476.89,922.96,1074.65,103.84,0,9593.53,91352.48
39,12429,9537,1041.92,446.88,1115.58,5748.42,1184.2,19042,9676.94,126183.72
40,9101,6830,3736.61,1652.21,504.22,781.27,155.69,0,6193.16,81112.79
19,6058,3978,694.8,1938.47,128.19,393.8,822.75,0,4241.01,42500.12
44,11240,10900,5142.46,1965.42,1691.49,158.0,1942.64,0,10936.34,136901.66
59,7744,3901,581.08,347.15,1753.39,148.6,1070.78,0,4023.08,38204.84
19,5919,3646,1290.21,6.05,313.42,1979.28,57.04,0,3603.23,40709.84
43,4014,3362,407.41,1982.25,416.24,108.06,448.03,0,3693.54,39836.59
34,4574,2733,231.82,743.31,77.97,942.72,737.18,0,3003.21,28177.78
57,12670,12151,3665.66,2709.47,2169.52,3183.62,422.73,0,12914.29,174079.38
50,2452,2503,523.68,109.32,1503.3,40.97,325.74,0,2206.7,26540.98
26,8196,6855,2186.25,1125.27,177.49,1480.78,1885.21,0,7551.85,70097.14
60,13373,6736,1938.77,744.51,1321.52,954.63,1776.58,0,7081.58,71246.45
65,5873,5110,2129.21,1813.3,697.7,4.91,464.87,26125,5412.04,67919.53
56,11514,11930,315.66,1511.48,2401.99,607.55,7093.32,0,11439.62,138894.16
46,5730,4971,11.16,2462.33,1633.05,778.26,86.21,0,5536.62,61212.88
59,11542,6722,849.25,418.94,2367.67,671.55,2414.59,24128,7176.48,65209.07
43,14251,13873,844.97,4388.4,3257.89,4562.0,819.75,0,12260.64,135473.59
52,8081,7455,1419.19,894.43,1762.3,513.99,2865.09,0,7248.75,87521.42
67,8149,8090,116.26,2172.96,2607.99,2243.72,949.07,0,9027.75,109376.36
42,10721,7056,488.77,4735.13,220.51,670.62,940.97,0,6097.51,97719.58
41,7441,6929,1966.03,371.72,1728.89,2778.77,83.59,0,7888.15,69402.19
30,9217,6872,5571.24,68.8,1010.89,36.62,184.44,0,7241.36,83729.43
24,8141,6536,3467.19,627.68,791.95,347.3,1301.88,0,6793.6,91396.17
53,10750,6873,1404.8,723.93,629.82,3362.82,751.63,0,6399.92,78780.18
62,8202,7896,1418.66,694.71,3222.97,1056.5,1503.15,12754,7300.94,107242.81
37,11874,7348,303.99,4572.68,358.54,1532.5,580.3,0,8322.47,75256.3
18,13934,9606,330.28,2299.69,580.45,2865.84,3529.74,29121,9024.66,135347.52
25,11409,4799,1533.75,27.82,1208.53,413.64,1615.26,0,5195.64,63379.59
63,2531,2316,531.96,939.12,362.33,400.95,81.65,11405,2241.74,32698.23
33,13736,12862,3775.58,1339.51,1708.17,3788.28,2250.46,0,11470.03,165247.92
31,5461,3965,386.54,1536.0,901.51,1091.5,49.45,0,3383.0,44980.3
29,8848,4840,485.37,679.27,2569.57,23.8,1081.99,0,4904.26,68259.83
68,10750,11702,3855.2,177.47,1086.76,2309.83,4272.74,0,13372.27,127817.68
40,6315,5067,1049.68,974.41,1338.59,451.64,1252.68,0,4868.07,56722.17
32,5837,4385,8.2,2648.81,600.33,826.13,301.54,29598,4197.14,56846.62
45,6054,2862,705.85,41.48,1071.99,916.05,126.63,20230,2728.14,37988.81
51,4377,3826,1271.81,1184.53,767.66,358.89,243.1,0,3849.58,53797.91
19,8930,6752,368.44,536.02,3267.96,112.93,2466.66,0,6631.81,71456.76
49,11520,7265,584.98,1005.2,2157.13,2941.29,576.4,0,8093.02,97571.79
40,3380,2156,626.04,540.87,13.48,354.54,621.07,0,2159.57,28340.67
39,6092,2510,376.63,910.38,345.56,478.08,399.35,0,2515.84,24864.6
68,8243,5472,1229.47,1810.81,691.54,1419.39,320.78,0,4878.35,62701.85
42,1337,1386,208.16,113.08,142.81,352.04,569.91,24989,1586.72,15186.78
39,7527,5099,278.32,2163.36,1874.9,270.8,511.63,0,4716.53,56402.86
39,4672,3247,777.89,381.39,583.35,650.33,854.04,0,2831.41,46491.02
66,6649,2699,441.69,270.79,1368.11,170.98,447.44,0,2831.1,34237.71
69,4032,3693,1416.92,784.75,366.6,967.45,157.29,0,3798.66,48174.61
59,4779,4999,399.18,795.86,861.71,22.52,2919.72,0,4871.74,71424.54
23,7171,7551,990.34,568.4,2245.86,480.07,3266.33,0,7374.74,86161.2
32,12423,6591,964.74,163.06,1944.63,1526.33,1992.23,20841,7154.66,88641.26
60,5364,5845,2071.85,1026.2,647.27,1333.57,766.11,0,5311.43,68303.2
54,11985,12835,1063.24,4395.73,508.66,2542.3,4325.08,0,14068.14,176786.23
50,9141,3997,795.36,723.17,845.4,378.61,1254.47,762,4175.36,41837.22
25,6769,6759,707.54,423.88,1045.79,2359.16,2222.63,0,6594.7,95632.37
61,5500,4274,2134.95,644.25,822.99,16.72,655.09,0,4220.18,45518.55
61,7469,3632,2276.41,34.1,719.32,508.6,93.57,0,3366.84,40554.4
22,5018,2737,365.65,112.39,761.55,1055.42,442.0,0,2944.01,36209.75
56,13530,9675,3827.79,572.75,689.02,4333.47,251.96,0,9712.37,111165.99
21,13215,14087,8261.96,126.62,1710.05,209.89,3778.49,0,13329.91,176360.99
23,13434,11509,3435.65,4493.96,1719.3,1690.14,169.96,0,11840.63,135046.06
62,3106,1696,101.68,625.42,112.56,420.24,436.1,0,1948.23,22325.09
49,7454,5934,1605.84,3435.97,344.51,376.22,171.45,12326,5818.75,63470.0
69,1960,1705,437.96,279.54,399.81,370.65,217.04,0,1920.18,16846.42
47,9030,6640,1855.89,2330.41,24.17,380.89,2048.64,0,6331.27,73303.35
64,8550,8217,1504.57,3343.45,1311.72,1525.39,531.87,0,7119.37,97590.69
52,7438,5656,324.95,1011.58,617.54,1619.29,2082.64,0,5154.16,58859.14
57,7290,6545,1173.7,2136.31,551.54,806.57,1876.89,0,6385.36,73978.31
69,12837,9359,1021.1,1857.57,428.9,1915.65,4135.77,21699,8571.82,107814.92
33,7231,5959,1895.03,1203.04,1278.52,762.08,820.33,18796,5065.56,58847.99
30,8887,9495,268.39,1097.64,1121.05,5952.76,1055.16,0,10677.13,117736.81
67,10291,5502,1042.67,996.77,1324.77,1804.28,333.51,0,6069.61,76174.36
59,13847,8404,1401.17,3256.05,1158.41,607.85,1980.51,0,9014.87,86799.59
47,12339,9723,2990.64,112.36,2583.54,2970.05,1066.41,0,8754.05,121240.74
36,11111,7807,3687.67,1392.19,1338.7,1241.35,147.08,0,6917.85,99857.37
34,9672,9358,586.92,1494.4,734.57,1285.8,5256.3,10855,8144.09,108672.64
36,12658,9187,2357.23,1347.76,2646.81,2075.7,759.49,0,9804.45,119111.92
45,3087,1382,78.51,252.5,466.09,200.56,384.34,0,1559.78,15991.83
43,4466,3105,39.45,548.77,666.92,488.53,1361.33,0,3040.29,37329.11
54,1866,756,138.93,185.04,214.97,128.13,88.92,6099,669.62,7284.28
43,5388,5738,14.79,1617.21,2183.7,934.81,987.5,0,5759.33,74136.43
40,1871,1423,585.28,400.53,340.84,93.86,2.49,14842,1358.47,18178.04
26,11361,5680,159.65,714.49,30.29,33.03,4742.54,0,5466.7,55574.96
29,13548,13797,6872.69,2073.8,798.58,4021.85,30.08,0,14299.2,156838.78
18,7977,6044,3824.42,735.2,706.24,679.55,98.58,0,6440.58,86425.29
18,12514,6338,1439.21,1868.74,1595.44,210.87,1223.74,0,5597.6,73644.62
64,8770,7701,1359.04,3270.42,768.6,748.88,1554.07,0,6628.07,92483.91
51,9156,7812,1606.11,1014.89,937.62,1091.75,3161.63,0,8970.51,109115.4
49,6324,5240,364.04,1655.68,412.81,1754.36,1053.1,0,4819.85,68344.57
65,6785,7215,528.14,2337.97,136.82,3040.17,1171.89,0,6249.27,89422.25
42,14091,11848,117.69,2175.02,7700.58,152.27,1702.44,0,10745.69,159112.27
57,5977,4175,1495.59,1804.57,579.93,247.94,46.97,0,3597.54,57401.9
62,5100,2790,427.31,297.32,1464.5,30.82,570.06,0,2699.45,32902.65
18,7877,4912,48.1,357.78,1149.81,1154.32,2201.98,0,5357.62,58357.11
